City ID,City,Country,Date,Lat,Lng,Max Temp,Humidity,Cloudiness,Wind Speed,Current Description,Rain inches (last 1hrs),Snow inches (last 1hrs)
0,Naze,JP,2022-07-09 19:49:40,28.3667,129.4833,81.52,91,7,9.04,clear sky,0.0,0.0
1,Rocha,UY,2022-07-09 19:52:49,-34.4833,-54.3333,65.05,88,53,12.28,broken clouds,0.0,0.0
2,Barrow,US,2022-07-09 19:49:52,71.2906,-156.7887,53.62,76,100,10.36,overcast clouds,0.0,0.0
3,Vaini,TO,2022-07-09 19:49:41,-21.2,-175.2,73.56,83,40,9.22,scattered clouds,0.0,0.0
4,Kavaratti,IN,2022-07-09 19:51:57,10.5669,72.642,81.16,82,95,21.03,overcast clouds,0.0,0.0
5,Saint-Philippe,RE,2022-07-09 19:51:26,-21.3585,55.7679,67.59,66,67,14.99,broken clouds,0.0,0.0
6,Punta Arenas,CL,2022-07-09 19:44:47,-53.15,-70.9167,33.91,60,20,11.5,few clouds,0.0,0.0
7,Hobart,AU,2022-07-09 19:47:45,-42.8794,147.3294,44.46,90,100,1.14,overcast clouds,0.0,0.0
8,Odweyne,SO,2022-07-09 19:56:03,9.4092,45.064,71.02,54,100,20.65,overcast clouds,0.0,0.0
9,Hermanus,ZA,2022-07-09 19:48:12,-34.4187,19.2345,58.8,80,0,8.28,light rain,0.1,0.0
10,Arraial Do Cabo,BR,2022-07-09 19:50:11,-22.9661,-42.0278,76.96,88,40,14.97,scattered clouds,0.0,0.0
11,Faya,SA,2022-07-09 19:49:51,18.3851,42.4509,69.91,43,100,7.78,moderate rain,1.78,0.0
12,Bowen,AU,2022-07-09 19:54:12,-20.0167,148.2333,55.13,75,0,6.98,clear sky,0.0,0.0
13,Rikitea,PF,2022-07-09 19:49:48,-23.1203,-134.9692,74.95,78,70,14.65,light rain,0.38,0.0
14,Nhulunbuy,AU,2022-07-09 19:56:03,-12.2333,136.7667,70.41,73,100,8.05,overcast clouds,0.0,0.0
15,Yellowknife,CA,2022-07-09 19:45:17,62.456,-114.3525,68.56,68,75,9.22,smoke,0.0,0.0
16,Sitka,US,2022-07-09 19:52:06,57.0531,-135.33,57.09,88,100,6.91,overcast clouds,0.0,0.0
17,Fomboni,KM,2022-07-09 19:51:11,-12.28,43.7425,77.74,64,5,13.91,clear sky,0.0,0.0
18,Ushuaia,AR,2022-07-09 19:49:18,-54.8,-68.3,28.06,93,100,20.71,light snow,0.0,0.0
19,Busselton,AU,2022-07-09 19:49:33,-33.65,115.3333,55.99,59,92,17.98,light rain,0.13,0.0
20,Iqaluit,CA,2022-07-09 19:48:56,63.7506,-68.5145,42.53,81,40,11.5,scattered clouds,0.0,0.0
21,Adrar,MR,2022-07-09 19:49:46,20.5022,-10.0711,103.66,10,4,4.54,clear sky,0.0,0.0
22,Port Elizabeth,ZA,2022-07-09 19:49:44,-33.918,25.5701,72.32,35,75,8.05,broken clouds,0.0,0.0
23,Bima,ID,2022-07-09 19:56:04,-8.4667,118.7167,73.47,94,8,4.0,clear sky,0.0,0.0
24,Nanortalik,GL,2022-07-09 19:49:35,60.1432,-45.2371,44.62,89,34,6.58,scattered clouds,0.0,0.0
25,Airai,TL,2022-07-09 19:50:47,-8.9266,125.4092,55.99,94,83,3.8,broken clouds,0.0,0.0
26,Meulaboh,ID,2022-07-09 19:56:05,4.1363,96.1285,76.53,89,100,3.78,light rain,0.19,0.0
27,Flin Flon,CA,2022-07-09 19:56:05,54.7682,-101.865,75.04,78,75,10.36,broken clouds,0.0,0.0
28,Half Moon Bay,US,2022-07-09 19:51:51,37.4636,-122.4286,82.54,70,75,19.57,broken clouds,0.0,0.0
29,Tuktoyaktuk,CA,2022-07-09 19:49:32,69.4541,-133.0374,50.0,93,100,8.05,mist,0.0,0.0
30,Albany,US,2022-07-09 19:46:16,42.6001,-73.9662,81.77,41,0,5.26,clear sky,0.0,0.0
31,Goderich,CA,2022-07-09 19:49:24,43.7501,-81.7165,66.52,63,4,16.11,clear sky,0.0,0.0
32,Hilo,US,2022-07-09 19:49:29,19.7297,-155.09,83.25,81,100,11.5,overcast clouds,0.0,0.0
33,Gat,IL,2022-07-09 19:56:06,31.61,34.7642,78.4,73,0,2.33,clear sky,0.0,0.0
34,Abnub,EG,2022-07-09 19:56:07,27.2696,31.1511,91.62,22,96,11.12,overcast clouds,0.0,0.0
35,Petropavlovsk-Kamchatskiy,RU,2022-07-09 19:56:07,53.0452,158.6483,72.19,83,0,6.71,clear sky,0.0,0.0
36,Gimli,CA,2022-07-09 19:56:07,50.6336,-96.9907,71.62,83,100,9.22,moderate rain,1.59,0.0
37,La Ronge,CA,2022-07-09 19:56:08,55.1001,-105.2842,75.45,57,75,12.66,broken clouds,0.0,0.0
38,Mount Gambier,AU,2022-07-09 19:49:40,-37.8333,140.7667,33.71,100,100,5.75,overcast clouds,0.0,0.0
39,Pisco,PE,2022-07-09 19:50:26,-13.7,-76.2167,65.01,77,15,9.22,haze,0.0,0.0
40,Cabo San Lucas,MX,2022-07-09 19:49:45,22.8909,-109.9124,95.61,63,91,5.17,overcast clouds,0.0,0.0
41,Monrovia,LR,2022-07-09 19:50:53,6.3005,-10.7969,74.97,85,100,11.01,light rain,0.51,0.0
42,Tautira,PF,2022-07-09 19:56:08,-17.7333,-149.15,76.69,72,79,16.91,broken clouds,0.0,0.0
43,Bayan,CN,2022-07-09 19:56:09,46.0833,127.4,61.41,77,0,4.68,clear sky,0.0,0.0
44,Plover,US,2022-07-09 19:56:09,44.4564,-89.544,81.3,44,0,8.05,clear sky,0.0,0.0
45,Kapaa,US,2022-07-09 19:49:25,22.0752,-159.319,80.92,83,75,14.97,broken clouds,0.0,0.0
46,Lorengau,PG,2022-07-09 19:51:24,-2.0226,147.2712,81.18,79,92,9.98,overcast clouds,0.0,0.0
47,Poum,NC,2022-07-09 19:52:31,-20.2333,164.0167,77.04,86,88,17.65,overcast clouds,0.0,0.0
48,Mar Del Plata,AR,2022-07-09 19:49:26,-38.0023,-57.5575,57.22,91,75,9.22,broken clouds,0.0,0.0
49,Saint-Georges,GD,2022-07-09 19:50:05,12.0564,-61.7485,87.48,70,20,20.71,few clouds,0.0,0.0
50,Dayong,CN,2022-07-09 19:56:10,25.0209,118.2898,76.91,94,77,2.04,broken clouds,0.0,0.0
51,Lakes Entrance,AU,2022-07-09 19:52:13,-37.8811,147.981,45.16,86,43,3.6,scattered clouds,0.0,0.0
52,Pedro Velho,BR,2022-07-09 19:56:10,-6.4392,-35.2214,75.27,86,5,10.71,clear sky,0.0,0.0
53,Saldanha,ZA,2022-07-09 19:50:37,-33.0117,17.9442,53.65,93,3,16.58,clear sky,0.0,0.0
54,Saint-Augustin,CA,2022-07-09 19:56:10,51.226,-58.6502,62.04,60,14,20.0,few clouds,0.0,0.0
55,Pangnirtung,CA,2022-07-09 19:50:49,66.1451,-65.7125,46.4,87,75,21.85,broken clouds,0.0,0.0
56,Pasighat,IN,2022-07-09 19:56:11,28.0667,95.3333,78.57,90,34,2.86,scattered clouds,0.0,0.0
57,Qaanaaq,GL,2022-07-09 19:49:26,77.484,-69.3632,43.68,75,69,1.23,broken clouds,0.0,0.0
58,Ponta Do Sol,PT,2022-07-09 19:46:54,32.6667,-17.1,75.83,75,4,1.39,clear sky,0.0,0.0
59,Mataura,NZ,2022-07-09 19:49:30,-46.1927,168.8643,35.47,91,41,1.86,scattered clouds,0.0,0.0
60,Hongjiang,CN,2022-07-09 19:56:11,27.11,109.9956,76.84,94,0,3.71,clear sky,0.0,0.0
61,Butaritari,KI,2022-07-09 19:49:27,3.0707,172.7902,81.5,79,32,12.33,light rain,0.13,0.0
62,San Cristobal,VE,2022-07-09 19:47:39,7.7669,-72.225,84.38,53,33,6.49,scattered clouds,0.0,0.0
63,Codrington,AU,2022-07-09 19:45:22,-38.2667,141.9667,41.83,95,2,9.66,clear sky,0.0,0.0
64,Graaff-Reinet,ZA,2022-07-09 19:56:12,-32.2522,24.5308,63.91,43,0,9.44,clear sky,0.0,0.0
65,Saskylakh,RU,2022-07-09 19:50:17,71.9167,114.0833,50.14,73,100,7.99,overcast clouds,0.0,0.0
66,Zapolyarnyy,RU,2022-07-09 19:56:12,69.4154,30.8136,56.48,85,98,7.14,overcast clouds,0.0,0.0
67,Bluff,NZ,2022-07-09 19:49:36,-46.6,168.3333,35.8,74,61,3.02,broken clouds,0.0,0.0
68,Komsomolskiy,UZ,2022-07-09 19:56:13,40.4272,71.7189,79.52,34,100,6.91,overcast clouds,0.0,0.0
69,Verkhoyansk,RU,2022-07-09 19:56:13,67.5447,133.385,49.23,82,100,3.38,overcast clouds,0.0,0.0
70,Norman Wells,CA,2022-07-09 19:49:44,65.282,-126.8329,77.04,47,75,11.5,smoke,0.0,0.0
71,Ha Giang,VN,2022-07-09 19:56:14,22.8333,104.9833,76.21,99,41,0.65,scattered clouds,0.0,0.0
72,Lebu,CL,2022-07-09 19:50:19,-37.6167,-73.65,48.83,83,100,4.88,overcast clouds,0.0,0.0
73,Morros,BR,2022-07-09 19:56:14,-9.4467,-46.3003,89.06,21,4,8.05,clear sky,0.0,0.0
74,Victoria,HK,2022-07-09 19:44:49,22.2855,114.1577,85.32,86,8,11.99,clear sky,0.0,0.0
75,Mundo Nuevo,MX,2022-07-09 19:56:14,18.7,-95.5,85.42,65,8,8.7,clear sky,0.0,0.0
76,Jacareacanga,BR,2022-07-09 19:56:15,-6.2222,-57.7528,88.16,51,91,4.07,overcast clouds,0.0,0.0
77,Carnarvon,AU,2022-07-09 19:49:35,-24.8667,113.6333,66.27,100,75,8.05,broken clouds,0.0,0.0
78,Bredasdorp,ZA,2022-07-09 19:49:54,-34.5322,20.0403,53.71,71,0,6.02,clear sky,0.0,0.0
79,Te Anau,NZ,2022-07-09 19:52:59,-45.4167,167.7167,30.7,91,42,3.24,scattered clouds,0.0,0.0
80,Hami,CN,2022-07-09 19:51:43,42.8,93.45,83.82,14,100,16.44,overcast clouds,0.0,0.0
81,Klaksvik,FO,2022-07-09 19:49:27,62.2266,-6.589,50.92,98,100,12.35,light rain,0.16,0.0
82,Soyo,AO,2022-07-09 19:50:14,-6.1349,12.3689,70.32,88,97,8.9,overcast clouds,0.0,0.0
83,Khatanga,RU,2022-07-09 19:50:25,71.9667,102.5,46.09,93,100,1.39,overcast clouds,0.0,0.0
84,Hithadhoo,MV,2022-07-09 19:49:47,-0.6,73.0833,82.27,76,6,5.37,clear sky,0.0,0.0
85,Tasiilaq,GL,2022-07-09 19:47:01,65.6145,-37.6368,48.36,80,99,1.74,overcast clouds,0.0,0.0
86,Atuona,PF,2022-07-09 19:48:08,-9.8,-139.0333,77.86,77,41,19.64,scattered clouds,0.0,0.0
87,Dikson,RU,2022-07-09 19:49:56,73.5069,80.5464,32.99,91,100,6.85,overcast clouds,0.0,0.0
88,Ribeira Grande,PT,2022-07-09 19:50:51,38.5167,-28.7,70.2,68,40,11.5,scattered clouds,0.0,0.0
89,Kidal,ML,2022-07-09 19:56:16,18.4411,1.4078,97.54,10,1,6.13,clear sky,0.0,0.0
90,Yumen,CN,2022-07-09 19:50:08,40.2833,97.2,74.52,18,16,5.3,few clouds,0.0,0.0
91,Juneau,US,2022-07-09 19:51:00,58.3019,-134.4197,62.83,83,100,6.91,overcast clouds,0.0,0.0
92,Kingsport,US,2022-07-09 19:52:46,36.5484,-82.5618,83.08,79,75,6.91,broken clouds,0.0,0.0
93,Kavieng,PG,2022-07-09 19:49:38,-2.5744,150.7967,81.12,72,72,14.88,broken clouds,0.0,0.0
94,Yaguara,CO,2022-07-09 19:56:17,2.6636,-75.5175,86.45,54,62,10.69,broken clouds,0.0,0.0
95,Upernavik,GL,2022-07-09 19:47:45,72.7868,-56.1549,40.01,83,6,8.84,clear sky,0.0,0.0
96,Namibe,AO,2022-07-09 19:50:43,-15.1961,12.1522,63.09,83,0,9.19,clear sky,0.0,0.0
97,Haines Junction,CA,2022-07-09 19:56:17,60.7522,-137.5108,64.35,48,100,4.61,overcast clouds,0.0,0.0
98,Rosarito,MX,2022-07-09 19:52:52,32.3333,-117.0333,90.63,63,21,12.77,few clouds,0.0,0.0
99,Buchanan,LR,2022-07-09 19:50:17,5.8808,-10.0467,75.63,86,100,10.2,overcast clouds,0.0,0.0
100,Ginda,IN,2022-07-09 19:56:18,30.6945,78.4932,66.06,97,100,0.65,overcast clouds,0.0,0.0
101,Sola,VU,2022-07-09 19:56:18,-13.8833,167.55,80.13,79,35,17.9,scattered clouds,0.0,0.0
102,Xunchang,CN,2022-07-09 19:54:13,28.4543,104.715,77.43,81,4,3.15,clear sky,0.0,0.0
103,Kahului,US,2022-07-09 19:50:07,20.8947,-156.47,82.42,57,40,24.16,scattered clouds,0.0,0.0
104,Omboue,GA,2022-07-09 19:56:19,-1.5746,9.2618,70.97,83,71,9.75,broken clouds,0.0,0.0
105,Beringovskiy,RU,2022-07-09 19:49:57,63.05,179.3167,49.57,87,100,16.17,overcast clouds,0.0,0.0
106,Nuuk,GL,2022-07-09 19:56:20,64.1835,-51.7216,38.88,93,100,8.01,overcast clouds,0.0,0.0
107,Castro,BR,2022-07-09 19:48:22,-24.7911,-50.0119,65.88,63,12,3.22,few clouds,0.0,0.0
108,Mahebourg,MU,2022-07-09 19:51:12,-20.4081,57.7,68.29,64,20,11.5,few clouds,0.0,0.0
109,Sept-Iles,CA,2022-07-09 19:48:02,50.2001,-66.3821,68.05,51,75,18.41,broken clouds,0.0,0.0
110,Cape Town,ZA,2022-07-09 19:47:07,-33.9258,18.4232,58.12,89,75,9.22,broken clouds,0.0,0.0
111,Sistranda,NO,2022-07-09 19:50:41,63.7256,8.834,51.76,87,100,16.04,overcast clouds,0.0,0.0
112,College,US,2022-07-09 19:49:10,64.8569,-147.8028,74.21,60,75,6.91,smoke,0.0,0.0
113,North Bend,US,2022-07-09 19:54:11,43.4065,-124.2243,72.25,80,40,12.66,scattered clouds,0.0,0.0
114,Laguna,US,2022-07-09 19:51:58,38.421,-121.4238,90.34,43,0,6.91,clear sky,0.0,0.0
115,Baker City,US,2022-07-09 19:56:21,44.7749,-117.8344,79.59,40,76,7.7,broken clouds,0.0,0.0
116,Saint Marys,US,2022-07-09 19:56:22,30.7305,-81.5465,85.01,89,75,3.44,broken clouds,0.0,0.0
117,Torbay,CA,2022-07-09 19:51:35,47.6666,-52.7314,65.28,80,75,14.97,broken clouds,0.0,0.0
118,Kushmurun,KZ,2022-07-09 19:52:07,52.4503,64.6311,67.46,64,43,6.33,scattered clouds,0.0,0.0
119,Kamenka,RU,2022-07-09 19:51:10,51.3223,42.7678,68.04,65,74,10.31,broken clouds,0.0,0.0
120,Itoman,JP,2022-07-09 19:50:03,26.1247,127.6694,84.22,89,20,8.05,few clouds,0.0,0.0
121,Coffs Harbour,AU,2022-07-09 19:56:22,-30.3,153.1333,42.13,93,0,0.0,clear sky,0.0,0.0
122,Puerto Ayora,EC,2022-07-09 19:47:03,-0.7393,-90.3518,78.76,86,82,8.99,broken clouds,0.0,0.0
123,Bethel,US,2022-07-09 19:47:26,41.3712,-73.414,86.02,42,0,4.61,clear sky,0.0,0.0
124,Jamestown,US,2022-07-09 19:49:27,42.097,-79.2353,80.53,41,0,6.91,clear sky,0.0,0.0
125,Longyearbyen,SJ,2022-07-09 19:50:13,78.2186,15.6401,45.0,67,76,8.75,broken clouds,0.0,0.0
126,Urengoy,RU,2022-07-09 19:52:27,65.9667,78.3667,51.98,82,1,10.45,clear sky,0.0,0.0
127,Arona,ES,2022-07-09 19:56:24,28.0996,-16.681,81.7,73,0,5.75,clear sky,0.0,0.0
128,Terdal,IN,2022-07-09 19:56:24,16.5,75.05,71.69,89,100,16.62,overcast clouds,0.0,0.0
129,Portland,US,2022-07-09 19:50:15,45.5234,-122.6762,80.56,53,40,5.99,scattered clouds,0.0,0.0
130,Spasskoye,RU,2022-07-09 19:56:25,44.6108,132.7969,62.87,97,66,5.7,broken clouds,0.0,0.0
131,Chapais,CA,2022-07-09 19:52:08,49.7834,-74.8492,64.18,28,6,8.5,clear sky,0.0,0.0
132,Anacortes,US,2022-07-09 19:56:25,48.5126,-122.6127,74.75,77,20,3.0,haze,0.0,0.0
133,Chichimila,MX,2022-07-09 19:56:26,20.6167,-88.2167,78.85,32,85,3.87,overcast clouds,0.0,0.0
134,Coquimbo,CL,2022-07-09 19:51:54,-29.9533,-71.3436,60.53,67,75,11.5,broken clouds,0.0,0.0
135,Wajir,KE,2022-07-09 19:56:26,1.7471,40.0573,76.46,55,69,19.46,broken clouds,0.0,0.0
136,Souillac,MU,2022-07-09 19:49:54,-20.5167,57.5167,68.38,64,20,11.5,few clouds,0.0,0.0
137,Arlit,NE,2022-07-09 19:56:27,18.7369,7.3853,94.71,11,5,5.93,clear sky,0.0,0.0
138,Maceio,BR,2022-07-09 19:51:21,-9.6658,-35.7353,74.64,88,100,8.05,mist,0.0,0.0
139,Warwick,US,2022-07-09 19:53:11,41.7001,-71.4162,85.77,52,0,3.0,clear sky,0.0,0.0
140,San Vicente,AR,2022-07-09 19:56:27,-26.6167,-54.1333,73.76,53,17,5.53,few clouds,0.0,0.0
141,Leningradskiy,RU,2022-07-09 19:52:32,69.3833,178.4167,39.09,93,100,9.24,overcast clouds,0.0,0.0
142,Snezhnogorsk,RU,2022-07-09 19:56:28,69.1933,33.2531,53.38,87,100,4.9,overcast clouds,0.0,0.0
143,Sunrise Manor,US,2022-07-09 19:56:28,36.2111,-115.0731,110.39,7,0,3.0,clear sky,0.0,0.0
144,Talnakh,RU,2022-07-09 19:49:40,69.4865,88.3972,47.21,95,100,18.07,light rain,0.18,0.0
145,Saint Anthony,US,2022-07-09 19:50:09,45.0205,-93.218,85.08,56,75,10.36,broken clouds,0.0,0.0
146,Ahipara,NZ,2022-07-09 19:49:36,-35.1667,173.1667,57.38,93,48,4.25,scattered clouds,0.0,0.0
147,Leh,IN,2022-07-09 19:50:29,34.1667,77.5833,61.68,58,100,4.72,overcast clouds,0.0,0.0
148,Chokurdakh,RU,2022-07-09 19:50:13,70.6333,147.9167,50.4,49,51,5.41,broken clouds,0.0,0.0
149,Port Lincoln,AU,2022-07-09 19:50:19,-34.7333,135.8667,49.24,80,0,13.4,clear sky,0.0,0.0
150,Lunca Ilvei,RO,2022-07-09 19:56:29,47.3667,24.9833,55.87,93,81,3.67,broken clouds,0.0,0.0
151,Neiba,DO,2022-07-09 19:56:29,18.5,-71.4167,88.38,57,95,11.83,overcast clouds,0.0,0.0
152,Damietta,EG,2022-07-09 19:56:30,31.4165,31.8133,80.49,68,0,9.33,clear sky,0.0,0.0
153,Khash,IR,2022-07-09 19:56:30,28.2211,61.2158,87.1,13,98,8.75,overcast clouds,0.0,0.0
154,Thompson,CA,2022-07-09 19:50:43,55.7435,-97.8558,71.76,68,75,6.91,broken clouds,0.0,0.0
155,Zhigansk,RU,2022-07-09 19:52:32,66.7697,123.3711,49.51,77,100,6.53,overcast clouds,0.0,0.0
156,Vestmannaeyjar,IS,2022-07-09 19:50:20,63.4427,-20.2734,51.73,97,100,20.51,overcast clouds,0.0,0.0
157,Husavik,IS,2022-07-09 19:50:34,66.0449,-17.3389,55.08,76,100,4.74,overcast clouds,0.0,0.0
158,Cobourg,DE,2022-07-09 19:56:31,50.2667,10.9667,64.74,64,100,3.31,overcast clouds,0.0,0.0
159,Georgetown,MY,2022-07-09 19:45:15,5.4112,100.3354,84.13,83,20,0.0,light rain,0.65,0.0
160,Matara,LK,2022-07-09 19:56:31,5.9485,80.5353,79.93,81,97,14.63,overcast clouds,0.0,0.0
161,Paamiut,GL,2022-07-09 19:56:31,61.994,-49.6678,39.69,93,100,10.18,overcast clouds,0.0,0.0
162,Beloha,MG,2022-07-09 19:56:32,-25.1667,45.05,63.07,56,0,9.55,clear sky,0.0,0.0
163,Sinnamary,GF,2022-07-09 19:51:25,5.3833,-52.95,76.21,90,100,7.49,overcast clouds,0.0,0.0
164,Egvekinot,RU,2022-07-09 19:53:10,66.3167,-179.1667,41.41,99,100,7.09,light rain,0.36,0.0
165,Tiznit,MA,2022-07-09 19:49:50,29.5833,-9.5,94.44,16,16,1.54,few clouds,0.0,0.0
166,Naryan-Mar,RU,2022-07-09 19:56:32,67.6713,53.087,53.65,82,12,7.34,few clouds,0.0,0.0
167,Grand Forks,US,2022-07-09 19:56:33,47.9417,-97.4337,85.78,58,67,15.73,broken clouds,0.0,0.0
168,Thinadhoo,MV,2022-07-09 19:56:33,0.5333,72.9333,82.76,75,87,10.18,overcast clouds,0.0,0.0
169,Riobamba,EC,2022-07-09 19:55:24,-1.6667,-78.6333,52.09,91,100,5.53,light rain,0.4,0.0
170,Hambantota,LK,2022-07-09 19:50:31,6.1241,81.1185,80.69,75,100,20.85,overcast clouds,0.0,0.0
171,Avarua,CK,2022-07-09 19:46:50,-21.2078,-159.775,75.25,60,99,12.66,overcast clouds,0.0,0.0
172,Pindiga,NG,2022-07-09 19:56:33,9.9833,10.9333,79.32,63,100,11.03,overcast clouds,0.0,0.0
173,Moerai,PF,2022-07-09 19:56:34,-22.4333,-151.3333,72.68,55,9,13.82,clear sky,0.0,0.0
174,Deep River,CA,2022-07-09 19:56:34,46.1001,-77.4995,72.95,32,8,5.88,clear sky,0.0,0.0
175,Kipushi,CD,2022-07-09 19:56:34,-11.7667,27.2333,62.55,48,84,9.91,broken clouds,0.0,0.0
176,Tiksi,RU,2022-07-09 19:49:38,71.6872,128.8694,51.62,59,99,9.06,overcast clouds,0.0,0.0
177,Ishigaki,JP,2022-07-09 19:45:39,24.3448,124.1572,82.53,89,21,8.05,few clouds,0.0,0.0
178,Kodiak,US,2022-07-09 19:50:34,57.79,-152.4072,54.91,88,100,13.8,overcast clouds,0.0,0.0
179,Hwange,ZW,2022-07-09 19:56:35,-18.3693,26.5019,60.37,54,0,2.3,clear sky,0.0,0.0
180,Tallahassee,US,2022-07-09 19:56:35,30.4383,-84.2807,93.33,64,96,4.0,overcast clouds,0.0,0.0
181,Mlonggo,ID,2022-07-09 19:56:36,-6.5333,110.7,74.52,82,6,6.73,clear sky,0.0,0.0
182,Kalmunai,LK,2022-07-09 19:52:46,7.4167,81.8167,83.68,64,100,6.4,overcast clouds,0.0,0.0
183,Marawi,PH,2022-07-09 19:51:07,7.9986,124.2928,68.9,94,100,6.51,overcast clouds,0.0,0.0
184,Faanui,PF,2022-07-09 19:49:32,-16.4833,-151.75,78.62,73,79,18.43,light rain,0.19,0.0
185,Nouadhibou,MR,2022-07-09 19:56:36,20.931,-17.0347,69.78,88,25,17.27,scattered clouds,0.0,0.0
186,Esperance,AU,2022-07-09 19:46:52,-33.8667,121.9,58.71,80,100,22.7,light rain,0.19,0.0
187,Segou,ML,2022-07-09 19:56:37,13.4317,-6.2157,93.69,38,100,7.78,light rain,0.18,0.0
188,Severo-Kurilsk,RU,2022-07-09 19:49:53,50.6789,156.125,56.17,88,100,10.85,overcast clouds,0.0,0.0
189,Pahrump,US,2022-07-09 19:54:49,36.2083,-115.9839,103.24,8,2,10.0,clear sky,0.0,0.0
190,Slubice,PL,2022-07-09 19:55:45,52.3509,14.5607,58.28,90,15,1.99,few clouds,0.0,0.0
191,Saint George,US,2022-07-09 19:49:08,37.1041,-113.5841,106.63,10,0,5.99,clear sky,0.0,0.0
192,Guatire,VE,2022-07-09 19:56:37,10.4762,-66.5427,79.34,90,82,3.67,broken clouds,0.0,0.0
193,Lingsugur,IN,2022-07-09 19:56:37,16.1667,76.5167,71.89,87,100,19.93,overcast clouds,0.0,0.0
194,Borba,BR,2022-07-09 19:56:38,-4.3878,-59.5939,86.45,59,76,2.66,broken clouds,0.0,0.0
195,Okhotsk,RU,2022-07-09 19:50:40,59.3833,143.3,62.51,70,83,3.85,broken clouds,0.0,0.0
196,Anito,PH,2022-07-09 19:56:38,12.4497,125.2886,76.3,92,100,4.83,moderate rain,1.15,0.0
197,San Policarpo,PH,2022-07-09 19:49:46,12.1791,125.5072,77.36,88,98,5.1,overcast clouds,0.0,0.0
198,Zyryanka,RU,2022-07-09 19:56:39,65.75,150.85,52.25,72,53,1.36,broken clouds,0.0,0.0
199,Manoel Urbano,BR,2022-07-09 19:56:39,-8.8389,-69.2597,94.46,32,14,2.46,few clouds,0.0,0.0
200,Auki,SB,2022-07-09 19:51:35,-8.7676,160.7034,75.92,86,28,3.22,scattered clouds,0.0,0.0
201,Fairbanks,US,2022-07-09 19:56:39,64.8378,-147.7164,74.23,57,0,6.91,smoke,0.0,0.0
202,Sholokhovskiy,RU,2022-07-09 19:56:40,48.2807,41.0459,74.77,37,44,12.44,scattered clouds,0.0,0.0
203,Lompoc,US,2022-07-09 19:49:00,34.6391,-120.4579,87.69,72,0,16.11,clear sky,0.0,0.0
204,Pevek,RU,2022-07-09 19:49:52,69.7008,170.3133,32.4,97,100,13.2,light snow,0.0,0.4
205,Cidreira,BR,2022-07-09 19:48:10,-30.1811,-50.2056,63.61,87,47,9.95,scattered clouds,0.0,0.0
206,Rio Cuarto,AR,2022-07-09 19:56:40,-33.1307,-64.3499,74.48,30,0,17.27,clear sky,0.0,0.0
207,Svetlyy,RU,2022-07-09 19:56:40,54.675,20.1347,61.97,68,41,15.32,scattered clouds,0.0,0.0
208,Guayaramerin,BO,2022-07-09 19:56:41,-10.8368,-65.3614,93.25,36,0,3.44,clear sky,0.0,0.0
209,Nemuro,JP,2022-07-09 19:50:38,43.3236,145.575,57.79,98,100,14.54,overcast clouds,0.0,0.0
210,Srivardhan,IN,2022-07-09 19:56:41,18.0333,73.0167,79.77,86,100,16.64,light rain,0.4,0.0
211,Neiafu,TO,2022-07-09 19:56:42,-18.65,-173.9833,75.88,78,40,10.36,scattered clouds,0.0,0.0
212,Khowst,AF,2022-07-09 19:56:42,33.3833,69.8833,79.2,65,89,2.26,overcast clouds,0.0,0.0
213,Perth,AU,2022-07-09 19:56:42,-31.9333,115.8333,60.67,66,40,17.27,scattered clouds,0.0,0.0
214,Cherskiy,RU,2022-07-09 19:50:42,68.75,161.3,37.06,85,100,14.5,overcast clouds,0.0,0.0
215,Anadyr,RU,2022-07-09 19:51:04,64.75,177.4833,55.9,82,20,11.18,moderate rain,2.03,0.0
216,Belmonte,BR,2022-07-09 19:50:38,-15.8631,-38.8828,73.94,74,20,10.76,few clouds,0.0,0.0
217,Raduzhnyy,RU,2022-07-09 19:56:43,62.0961,77.475,65.39,83,27,8.79,scattered clouds,0.0,0.0
218,Ancud,CL,2022-07-09 19:50:32,-41.8697,-73.8203,46.22,84,100,14.0,light rain,0.44,0.0
219,Codo,BR,2022-07-09 19:56:43,-4.4553,-43.8856,85.95,51,23,3.42,few clouds,0.0,0.0
220,Warrnambool,AU,2022-07-09 19:56:43,-38.3833,142.4833,38.8,92,0,9.89,clear sky,0.0,0.0
221,Ilo,PE,2022-07-09 19:56:44,-17.6394,-71.3375,63.46,72,0,5.75,clear sky,0.0,0.0
222,Fortuna,US,2022-07-09 19:49:45,40.5982,-124.1573,72.93,70,20,8.99,few clouds,0.0,0.0
223,Sao Filipe,CV,2022-07-09 19:51:00,14.8961,-24.4956,74.35,84,43,7.23,scattered clouds,0.0,0.0
224,Conceicao Do Araguaia,BR,2022-07-09 19:53:43,-8.2578,-49.2647,94.24,27,6,5.48,clear sky,0.0,0.0
225,Tomatlan,MX,2022-07-09 19:56:44,19.9333,-105.25,91.98,50,69,6.73,broken clouds,0.0,0.0
226,Port Alfred,ZA,2022-07-09 19:48:19,-33.5906,26.891,69.1,34,0,12.77,clear sky,0.0,0.0
227,Mitzic,GA,2022-07-09 19:56:45,0.7821,11.549,68.58,93,16,2.8,few clouds,0.0,0.0
228,Kemin,KG,2022-07-09 19:56:45,42.7846,75.6892,61.43,54,93,3.78,overcast clouds,0.0,0.0
229,Sabang,ID,2022-07-09 19:51:59,5.8933,95.3214,82.92,78,100,21.88,overcast clouds,0.0,0.0
230,Shevchenkove,UA,2022-07-09 19:56:46,49.6959,37.1735,69.8,54,82,8.68,broken clouds,0.0,0.0
231,Yatou,CN,2022-07-09 19:51:11,37.15,122.3833,75.31,78,98,4.47,overcast clouds,0.0,0.0
232,Tuatapere,NZ,2022-07-09 19:50:33,-46.1333,167.6833,34.05,85,30,3.44,scattered clouds,0.0,0.0
233,Nikolskoye,RU,2022-07-09 19:49:34,59.7035,30.7861,62.8,96,87,3.65,overcast clouds,0.0,0.0
234,Aleppo,SY,2022-07-09 19:56:46,36.25,37.5,76.26,56,0,19.39,clear sky,0.0,0.0
235,Kaitangata,NZ,2022-07-09 19:48:21,-46.2817,169.8464,34.45,86,56,4.21,broken clouds,0.0,0.0
236,Luderitz,NA,2022-07-09 19:49:29,-26.6481,15.1594,55.65,91,0,9.98,light rain,0.14,0.0
237,Zaykovo,RU,2022-07-09 19:56:47,57.5613,62.7568,66.27,88,100,4.23,overcast clouds,0.0,0.0
238,Sorland,NO,2022-07-09 19:51:55,67.667,12.6934,55.26,81,100,6.78,overcast clouds,0.0,0.0
239,Vanimo,PG,2022-07-09 19:51:15,-2.6741,141.3028,77.14,89,100,6.31,overcast clouds,0.0,0.0
240,Vila Do Maio,CV,2022-07-09 19:52:10,15.1333,-23.2167,77.79,80,48,7.4,scattered clouds,0.0,0.0
241,Avera,US,2022-07-09 19:52:05,33.194,-82.5271,76.51,65,89,7.49,moderate rain,1.09,0.0
242,Hobyo,SO,2022-07-09 19:49:00,5.3505,48.5268,76.12,78,100,27.58,overcast clouds,0.0,0.0
243,Northallerton,GB,2022-07-09 19:56:47,54.339,-1.4324,67.91,60,0,5.75,clear sky,0.0,0.0
244,East London,ZA,2022-07-09 19:50:52,-33.0153,27.9116,68.38,31,0,8.97,clear sky,0.0,0.0
245,Nelson Bay,AU,2022-07-09 19:45:41,-32.7167,152.15,49.08,86,55,13.0,broken clouds,0.0,0.0
246,Port Hardy,CA,2022-07-09 19:46:16,50.6996,-127.4199,59.18,88,100,5.75,light intensity shower rain,0.0,0.0
247,Namatanai,PG,2022-07-09 19:52:28,-3.6667,152.4333,76.93,76,0,7.52,clear sky,0.0,0.0
248,La Maddalena,IT,2022-07-09 19:56:09,41.2142,9.4083,78.85,55,0,8.7,clear sky,0.0,0.0
249,San Patricio,US,2022-07-09 19:52:53,28.017,-97.5169,100.49,32,14,12.95,few clouds,0.0,0.0
250,Great Falls,US,2022-07-09 19:46:34,47.5002,-111.3008,85.59,33,0,9.22,clear sky,0.0,0.0
251,Lodwar,KE,2022-07-09 19:51:48,3.1191,35.5973,83.82,40,97,8.81,overcast clouds,0.0,0.0
252,Svarstad,NO,2022-07-09 19:53:01,59.399,9.9698,64.76,48,4,3.0,clear sky,0.0,0.0
253,Port Hedland,AU,2022-07-09 19:49:58,-20.3167,118.5667,50.05,62,3,8.05,clear sky,0.0,0.0
254,Ust-Kut,RU,2022-07-09 19:56:48,56.7938,105.7672,50.34,97,6,2.24,clear sky,0.0,0.0
255,Padang,ID,2022-07-09 19:49:56,-0.9492,100.3543,76.64,88,61,3.06,broken clouds,0.0,0.0
256,Beitbridge,ZW,2022-07-09 19:56:49,-22.2167,30.0,62.42,56,0,7.58,clear sky,0.0,0.0
257,Kruisfontein,ZA,2022-07-09 19:50:56,-34.0033,24.7314,69.89,59,0,18.59,clear sky,0.0,0.0
258,Itarema,BR,2022-07-09 19:56:50,-2.9248,-39.9167,80.33,72,100,14.85,overcast clouds,0.0,0.0
259,Trincomalee,LK,2022-07-09 19:56:50,8.5711,81.2335,82.18,74,100,21.07,overcast clouds,0.0,0.0
260,New Norfolk,AU,2022-07-09 19:50:16,-42.7826,147.0587,44.1,86,15,2.55,few clouds,0.0,0.0
261,Quarai,BR,2022-07-09 19:56:50,-30.3875,-56.4514,72.21,77,6,14.5,clear sky,0.0,0.0
262,Buloh Kasap,MY,2022-07-09 19:56:51,2.5536,102.764,76.51,81,100,2.86,overcast clouds,0.0,0.0
263,Nara,JP,2022-07-09 19:56:51,34.6851,135.8049,76.5,87,38,2.8,light rain,0.19,0.0
264,Nogliki,RU,2022-07-09 19:56:52,51.8333,143.1667,62.67,88,0,5.08,clear sky,0.0,0.0
265,Zafarwal,PK,2022-07-09 19:56:52,32.3463,74.8999,79.63,78,78,8.55,broken clouds,0.0,0.0
266,Antequera,ES,2022-07-09 19:56:52,37.0194,-4.5612,77.45,44,0,8.72,clear sky,0.0,0.0
267,Touros,BR,2022-07-09 19:52:40,-5.1989,-35.4608,78.1,79,10,13.85,clear sky,0.0,0.0
268,Imbituba,BR,2022-07-09 19:53:05,-28.24,-48.6703,67.08,91,2,8.99,clear sky,0.0,0.0
269,Pathein,MM,2022-07-09 19:56:53,16.7833,94.7333,76.57,94,84,8.21,broken clouds,0.0,0.0
270,Katsuura,JP,2022-07-09 19:50:39,35.1333,140.3,75.04,92,100,14.85,light rain,0.59,0.0
271,Yeppoon,AU,2022-07-09 19:52:16,-23.1333,150.7333,44.38,69,0,7.81,clear sky,0.0,0.0
272,Tocopilla,CL,2022-07-09 19:56:53,-22.092,-70.1979,65.26,69,100,8.43,overcast clouds,0.0,0.0
273,Toma,BF,2022-07-09 19:56:54,12.7667,-2.8833,89.28,44,77,3.8,broken clouds,0.0,0.0
274,Aksu,CN,2022-07-09 19:49:49,41.1231,80.2644,77.65,33,100,7.25,overcast clouds,0.0,0.0
275,Mabay,PH,2022-07-09 19:56:54,6.0577,124.4666,74.95,95,100,3.27,overcast clouds,0.0,0.0
276,Manakara,MG,2022-07-09 19:56:54,-22.1333,48.0167,66.56,78,72,6.87,broken clouds,0.0,0.0
277,Labuhan,ID,2022-07-09 19:56:55,-6.8844,112.2051,74.26,85,23,7.63,few clouds,0.0,0.0
278,Bitung,ID,2022-07-09 19:56:55,1.4451,125.1824,76.05,83,100,7.92,overcast clouds,0.0,0.0
279,Byron Bay,AU,2022-07-09 19:50:09,-28.65,153.6167,46.94,85,96,9.4,overcast clouds,0.0,0.0
280,Yining,CN,2022-07-09 19:56:56,29.0361,114.5636,78.51,93,5,2.37,clear sky,0.0,0.0
281,Nome,US,2022-07-09 19:49:39,64.5011,-165.4064,70.16,49,0,8.05,clear sky,0.0,0.0
282,Zhuji,CN,2022-07-09 19:56:56,29.7188,120.2423,79.72,92,100,2.46,overcast clouds,0.0,0.0
283,Kargasok,RU,2022-07-09 19:56:57,59.0556,80.8572,64.81,76,98,6.96,overcast clouds,0.0,0.0
284,Constitucion,CL,2022-07-09 19:56:57,-35.3333,-72.4167,52.99,84,100,11.99,overcast clouds,0.0,0.0
285,Haileybury,CA,2022-07-09 19:51:22,47.449,-79.6373,77.58,40,11,6.69,few clouds,0.0,0.0
286,Cururupu,BR,2022-07-09 19:56:57,-1.8283,-44.8683,79.48,81,55,3.67,broken clouds,0.0,0.0
287,Abu Dhabi,AE,2022-07-09 19:47:50,24.4667,54.3667,93.31,68,0,5.75,clear sky,0.0,0.0
288,Riyadh,SA,2022-07-09 19:56:36,24.6877,46.7219,95.14,11,100,8.95,overcast clouds,0.0,0.0
289,Oskaloosa,US,2022-07-09 19:56:14,41.2964,-92.6444,84.4,74,40,0.0,scattered clouds,0.0,0.0
290,Bilma,NE,2022-07-09 19:52:01,18.6853,12.9164,95.29,17,4,5.59,clear sky,0.0,0.0
291,Narsaq,GL,2022-07-09 19:50:03,60.9167,-46.05,47.8,82,24,6.38,few clouds,0.0,0.0
292,Palauig,PH,2022-07-09 19:56:58,15.435,119.9045,80.69,80,99,6.85,overcast clouds,0.0,0.0
293,Fiumicino,IT,2022-07-09 19:52:34,41.7675,12.2291,82.33,28,0,12.66,clear sky,0.0,0.0
294,Salvador,SV,2022-07-09 19:53:02,13.8333,-88.9167,88.05,53,18,1.61,few clouds,0.0,0.0
295,Mecca,SA,2022-07-09 19:56:59,21.4267,39.8261,90.52,19,86,3.69,overcast clouds,0.0,0.0
296,Salcininkai,LT,2022-07-09 19:56:59,54.3,25.3833,59.09,96,100,5.28,overcast clouds,0.0,0.0
297,Hamilton,US,2022-07-09 19:50:25,39.1834,-84.5333,83.52,81,100,1.99,mist,0.0,0.0
298,Eyl,SO,2022-07-09 19:56:59,7.9803,49.8164,77.47,69,26,25.97,scattered clouds,0.0,0.0
299,Richards Bay,ZA,2022-07-09 19:54:56,-28.783,32.0377,67.55,71,0,15.59,clear sky,0.0,0.0
300,Sioux Lookout,CA,2022-07-09 19:52:07,50.1001,-91.917,78.87,47,75,6.91,broken clouds,0.0,0.0
301,Smithers,CA,2022-07-09 19:49:37,54.7804,-127.1743,59.32,72,100,2.3,light intensity shower rain,0.0,0.0
302,Ondjiva,AO,2022-07-09 19:57:00,-17.0667,15.7333,60.93,37,10,6.24,clear sky,0.0,0.0
303,Pauini,BR,2022-07-09 19:57:00,-7.7136,-66.9764,84.94,55,97,4.45,overcast clouds,0.0,0.0
304,Provideniya,RU,2022-07-09 19:49:41,64.3833,-173.3,48.81,92,100,8.16,overcast clouds,0.0,0.0
305,Chifeng,CN,2022-07-09 19:57:01,42.2683,118.9636,70.81,47,82,3.85,broken clouds,0.0,0.0
306,Sisak,HR,2022-07-09 19:57:01,45.4661,16.3783,67.98,67,15,2.28,few clouds,0.0,0.0
307,Mopipi,BW,2022-07-09 19:57:01,-21.1833,24.8833,58.91,37,0,6.17,clear sky,0.0,0.0
308,Mehamn,NO,2022-07-09 19:50:00,71.0357,27.8492,55.35,76,100,2.3,overcast clouds,0.0,0.0
309,Batagay-Alyta,RU,2022-07-09 19:57:02,67.8006,130.4114,50.7,76,100,3.13,overcast clouds,0.0,0.0
310,Bandarbeyla,SO,2022-07-09 19:57:02,9.4942,50.8122,78.04,68,51,31.63,broken clouds,0.0,0.0
311,Dana Point,US,2022-07-09 19:54:45,33.467,-117.6981,98.28,72,17,7.0,few clouds,0.0,0.0
312,Liberia,LR,2022-07-09 19:57:03,6.5,-9.5,70.9,98,100,3.56,overcast clouds,0.0,0.0
313,Jilikul,TJ,2022-07-09 19:57:03,37.4917,68.5311,84.22,16,0,4.16,clear sky,0.0,0.0
314,Guamuchil,MX,2022-07-09 19:54:46,25.4667,-108.1,100.6,35,25,9.1,scattered clouds,0.0,0.0
315,Chuy,UY,2022-07-09 19:52:31,-33.6971,-53.4616,61.03,92,83,11.88,broken clouds,0.0,0.0
316,Batken,KG,2022-07-09 19:57:03,39.8333,71.0,59.36,48,34,1.59,scattered clouds,0.0,0.0
317,Noyabrsk,RU,2022-07-09 19:57:04,63.1994,75.4507,62.1,66,8,7.27,clear sky,0.0,0.0
318,Mikun,RU,2022-07-09 19:57:04,62.3547,50.0771,59.72,68,53,1.9,broken clouds,0.0,0.0
319,Aanekoski,FI,2022-07-09 19:57:05,62.6946,25.818,57.67,100,100,1.99,overcast clouds,0.0,0.0
320,Feldkirchen An Der Donau,AT,2022-07-09 19:57:05,48.3452,14.0513,64.58,75,40,5.75,scattered clouds,0.0,0.0
321,Yerbogachen,RU,2022-07-09 19:52:54,61.2767,108.0108,50.97,77,8,3.42,clear sky,0.0,0.0
322,Chebenki,RU,2022-07-09 19:57:06,51.9337,55.7077,64.15,79,99,2.37,overcast clouds,0.0,0.0
323,Kalianget,ID,2022-07-09 19:57:06,-7.05,113.9333,78.22,77,45,10.0,scattered clouds,0.0,0.0
324,Prince Rupert,CA,2022-07-09 19:50:58,54.3161,-130.3201,57.29,91,100,11.5,overcast clouds,0.0,0.0
325,Kon Tum,VN,2022-07-09 19:57:06,14.35,108.0,70.11,99,100,0.43,overcast clouds,0.0,0.0
326,Bengkulu,ID,2022-07-09 19:50:52,-3.8004,102.2655,74.34,88,7,4.09,clear sky,0.0,0.0
327,Coahuayana,MX,2022-07-09 19:50:14,18.7333,-103.6833,90.3,56,100,5.93,overcast clouds,0.0,0.0
328,Clyde River,CA,2022-07-09 19:49:02,70.4692,-68.5914,46.63,71,0,3.44,clear sky,0.0,0.0
329,Guanica,PR,2022-07-09 19:57:07,17.9716,-66.908,88.52,80,92,19.24,overcast clouds,0.0,0.0
330,Havelock,US,2022-07-09 19:50:14,34.8791,-76.9013,87.78,84,20,14.97,few clouds,0.0,0.0
331,Lasa,IT,2022-07-09 19:51:46,46.6166,10.7002,72.48,71,94,6.06,overcast clouds,0.0,0.0
332,Launceston,AU,2022-07-09 19:52:48,-41.45,147.1667,35.15,100,5,0.0,clear sky,0.0,0.0
333,Makinsk,KZ,2022-07-09 19:57:08,52.6292,70.4169,59.88,81,14,7.45,few clouds,0.0,0.0
334,Henties Bay,NA,2022-07-09 19:52:19,-22.116,14.2845,56.53,90,0,8.28,clear sky,0.0,0.0
335,Villa Bruzual,VE,2022-07-09 19:57:08,9.3328,-69.1208,84.83,66,93,3.85,overcast clouds,0.0,0.0
336,Kargopol,RU,2022-07-09 19:57:09,61.5071,38.9456,58.95,72,98,4.41,overcast clouds,0.0,0.0
337,Korla,CN,2022-07-09 19:57:09,41.7597,86.1469,81.16,23,78,9.84,broken clouds,0.0,0.0
338,Abha,SA,2022-07-09 19:57:09,18.2164,42.5053,69.62,56,40,6.91,light rain,0.61,0.0
339,Shelburne,CA,2022-07-09 19:57:10,44.0787,-80.2041,73.9,50,51,8.08,broken clouds,0.0,0.0
340,Waingapu,ID,2022-07-09 19:49:50,-9.6567,120.2641,74.97,85,97,11.3,overcast clouds,0.0,0.0
341,Olafsvik,IS,2022-07-09 19:57:10,64.8945,-23.7142,51.84,97,100,13.04,overcast clouds,0.0,0.0
342,Vila Franca Do Campo,PT,2022-07-09 19:50:28,37.7167,-25.4333,70.2,76,16,9.13,few clouds,0.0,0.0
343,Bria,CF,2022-07-09 19:57:10,6.5423,21.9863,69.75,95,86,3.38,light rain,0.36,0.0
344,Dalbandin,PK,2022-07-09 19:57:11,28.8947,64.4101,90.1,44,84,9.13,broken clouds,0.0,0.0
345,Marzuq,YE,2022-07-09 19:52:22,14.4,46.4667,80.8,37,100,4.59,overcast clouds,0.0,0.0
346,Palana,RU,2022-07-09 19:57:11,59.1167,159.9667,50.63,98,100,7.29,overcast clouds,0.0,0.0
347,Quang Ngai,VN,2022-07-09 19:57:12,15.1167,108.8,77.04,89,100,2.73,overcast clouds,0.0,0.0
348,Phuthaditjhaba,ZA,2022-07-09 19:57:12,-28.5242,28.8158,46.02,45,0,6.35,clear sky,0.0,0.0
349,Carballo,ES,2022-07-09 19:57:13,43.213,-8.691,90.82,61,0,0.76,clear sky,0.0,0.0
350,Amarillo,US,2022-07-09 19:55:34,35.222,-101.8313,100.04,33,0,4.0,clear sky,0.0,0.0
351,Tchibanga,GA,2022-07-09 19:57:13,-2.85,11.0333,67.19,80,47,3.67,scattered clouds,0.0,0.0
352,Los Llanos De Aridane,ES,2022-07-09 19:50:17,28.6585,-17.9182,67.75,88,0,18.41,clear sky,0.0,0.0
353,Bairiki,KI,2022-07-09 19:52:45,1.3292,172.9752,80.6,83,20,6.91,few clouds,0.0,0.0
354,Mina,MX,2022-07-09 19:57:14,26.0011,-100.5299,96.21,27,92,13.11,overcast clouds,0.0,0.0
355,Shimoda,JP,2022-07-09 19:57:14,34.6667,138.95,72.1,91,100,4.54,light rain,0.42,0.0
356,Tabas,IR,2022-07-09 19:57:15,33.5959,56.9244,91.53,10,1,3.09,clear sky,0.0,0.0
357,The Valley,AI,2022-07-09 19:57:15,18.217,-63.0578,87.66,70,20,18.41,few clouds,0.0,0.0
358,Aketi,CD,2022-07-09 19:57:16,2.7388,23.7833,73.36,83,100,2.26,overcast clouds,0.0,0.0
359,Independence,US,2022-07-09 19:57:16,39.0911,-94.4155,87.03,56,1,3.0,clear sky,0.0,0.0
360,Lakatoro,VU,2022-07-09 19:57:17,-16.0999,167.4164,78.53,78,61,11.41,broken clouds,0.0,0.0
361,Alyangula,AU,2022-07-09 19:49:47,-13.8483,136.4192,69.39,63,8,16.4,clear sky,0.0,0.0
362,Killybegs,IE,2022-07-09 19:57:17,54.6333,-8.45,58.71,94,99,4.18,overcast clouds,0.0,0.0
363,Bela Vista,BR,2022-07-09 19:57:17,-22.1089,-56.5211,91.71,22,1,9.55,clear sky,0.0,0.0
364,Isiro,CD,2022-07-09 19:57:18,2.7739,27.616,67.64,88,100,2.46,overcast clouds,0.0,0.0
365,Bac Lieu,VN,2022-07-09 19:57:18,9.285,105.7244,77.11,87,100,12.06,moderate rain,1.63,0.0
366,Qasigiannguit,GL,2022-07-09 19:52:33,68.8193,-51.1922,40.14,80,100,3.04,overcast clouds,0.0,0.0
367,La Libertad,EC,2022-07-09 19:52:51,-2.2333,-80.9,71.26,83,100,8.05,overcast clouds,0.0,0.0
368,Yulara,AU,2022-07-09 19:48:16,-25.2406,130.9889,40.95,65,0,6.98,clear sky,0.0,0.0
369,Celestun,MX,2022-07-09 19:57:18,20.8667,-90.4,82.71,73,71,11.74,broken clouds,0.0,0.0
370,Mildura,AU,2022-07-09 19:57:19,-34.2,142.15,31.96,100,0,0.0,mist,0.0,0.0
371,Laguna De Perlas,NI,2022-07-09 19:57:19,12.3429,-83.6712,84.29,83,60,13.35,broken clouds,0.0,0.0
372,Santiago,CL,2022-07-09 19:53:57,-33.4569,-70.6483,48.54,81,100,11.5,overcast clouds,0.0,0.0
373,Havoysund,NO,2022-07-09 19:57:20,70.9963,24.6622,53.83,84,41,7.0,scattered clouds,0.0,0.0
374,Mission Bend,US,2022-07-09 19:57:20,29.6938,-95.6649,104.47,45,15,4.0,few clouds,0.0,0.0
375,Batagay,RU,2022-07-09 19:52:10,67.6333,134.6333,48.2,81,100,4.23,overcast clouds,0.0,0.0
376,Severomuysk,RU,2022-07-09 19:57:21,56.1481,113.4267,46.99,95,100,4.25,moderate rain,1.21,0.0
377,Northam,GB,2022-07-09 19:57:21,51.0333,-4.2167,68.4,73,0,8.28,clear sky,0.0,0.0
378,Rio Gallegos,AR,2022-07-09 19:52:17,-51.6226,-69.2181,28.45,80,40,12.66,scattered clouds,0.0,0.0
379,Serebryanyy Bor,RU,2022-07-09 19:57:21,56.8,124.8,57.04,97,100,1.9,overcast clouds,0.0,0.0
380,Merrillville,US,2022-07-09 19:56:07,41.4828,-87.3328,81.21,60,0,11.5,clear sky,0.0,0.0
381,Sehwan,PK,2022-07-09 19:57:22,26.4279,67.863,88.54,67,54,5.35,broken clouds,0.0,0.0
382,Alihe,CN,2022-07-09 19:51:02,50.5667,123.7167,53.76,96,41,3.02,scattered clouds,0.0,0.0
383,Dauphin,CA,2022-07-09 19:57:22,51.1494,-100.0502,82.54,57,0,8.05,clear sky,0.0,0.0
384,Chivilcoy,AR,2022-07-09 19:57:22,-34.8957,-60.0167,72.03,63,91,11.34,overcast clouds,0.0,0.0
385,Prata,BR,2022-07-09 19:57:23,-19.3072,-48.9242,81.9,24,5,7.7,clear sky,0.0,0.0
386,Kulhudhuffushi,MV,2022-07-09 19:57:23,6.6221,73.07,81.54,81,100,17.36,moderate rain,1.33,0.0
387,Mwinilunga,ZM,2022-07-09 19:57:24,-11.7358,24.4293,56.44,50,2,3.51,clear sky,0.0,0.0
388,Praia Da Vitoria,PT,2022-07-09 19:51:43,38.7333,-27.0667,69.76,83,75,11.45,broken clouds,0.0,0.0
389,Kiunga,PG,2022-07-09 19:51:49,-6.1219,141.2906,71.08,100,94,1.81,overcast clouds,0.0,0.0
390,Mandurah,AU,2022-07-09 19:55:36,-32.55,115.7,59.92,61,73,25.23,broken clouds,0.0,0.0
391,Shirgaon,IN,2022-07-09 19:57:24,19.7,72.7,80.06,85,100,15.84,light rain,0.58,0.0
392,Barra Do Corda,BR,2022-07-09 19:57:25,-5.5,-45.25,91.71,35,27,6.69,scattered clouds,0.0,0.0
393,Ilulissat,GL,2022-07-09 19:50:44,69.2167,-51.1,42.39,71,89,1.86,overcast clouds,0.0,0.0
394,Kawalu,ID,2022-07-09 19:53:00,-7.3817,108.2082,70.32,91,95,0.74,overcast clouds,0.0,0.0
395,Camopi,GF,2022-07-09 19:57:25,3.1655,-52.3158,78.3,89,82,3.0,broken clouds,0.0,0.0
396,Kutum,SD,2022-07-09 19:57:26,14.2,24.6667,81.88,37,84,5.68,broken clouds,0.0,0.0
397,Malanje,AO,2022-07-09 19:57:26,-9.5402,16.341,67.46,30,34,4.07,scattered clouds,0.0,0.0
398,Mayo,US,2022-07-09 19:57:26,38.8876,-76.5119,72.36,94,100,4.61,mist,0.0,0.0
399,Ozernovskiy,RU,2022-07-09 19:52:31,51.5,156.5167,55.02,95,100,10.0,overcast clouds,0.0,0.0
400,Rudbar,AF,2022-07-09 19:57:27,30.15,62.6,93.78,11,92,5.41,overcast clouds,0.0,0.0
401,Kashi,CN,2022-07-09 19:57:27,39.4547,75.9797,78.01,27,59,20.13,broken clouds,0.0,0.0
402,Hailun,CN,2022-07-09 19:57:28,47.45,126.9333,61.74,69,0,10.18,clear sky,0.0,0.0
403,Copiapo,CL,2022-07-09 19:57:28,-27.3667,-70.3333,58.69,54,0,5.86,clear sky,0.0,0.0
404,Ixtapa,MX,2022-07-09 19:52:11,20.7,-105.2,89.22,67,12,5.99,few clouds,0.0,0.0
405,Lata,PT,2022-07-09 19:51:58,40.1629,-8.3327,76.82,44,0,3.18,clear sky,0.0,0.0
406,Diapaga,BF,2022-07-09 19:57:28,12.0708,1.7889,81.45,69,100,11.25,light rain,0.25,0.0
407,Yanam,IN,2022-07-09 19:56:51,16.7333,82.2167,75.99,88,100,12.64,light rain,0.24,0.0
408,Cantapoy,PH,2022-07-09 19:57:29,9.4906,125.4364,79.38,81,86,4.81,overcast clouds,0.0,0.0
409,Mirante Do Paranapanema,BR,2022-07-09 19:57:29,-22.2919,-51.9064,81.99,32,3,5.99,clear sky,0.0,0.0
410,San Blas,MX,2022-07-09 19:57:30,21.5167,-105.2667,89.56,60,7,8.34,clear sky,0.0,0.0
411,Tselinnoye,RU,2022-07-09 19:57:30,53.0833,85.6667,60.24,78,12,6.71,few clouds,0.0,0.0
412,Upata,VE,2022-07-09 19:56:02,8.0086,-62.3989,80.19,89,82,7.05,broken clouds,0.0,0.0
413,Burnie,AU,2022-07-09 19:56:01,-41.0667,145.9167,39.94,77,5,7.34,clear sky,0.0,0.0
414,Dymer,UA,2022-07-09 19:57:30,50.7865,30.3026,64.89,80,24,4.85,few clouds,0.0,0.0
415,Verkhnyaya Inta,RU,2022-07-09 19:57:31,65.9811,60.3094,60.55,64,95,2.06,overcast clouds,0.0,0.0
416,Lagoa,PT,2022-07-09 19:51:30,39.05,-27.9833,66.78,79,96,11.3,overcast clouds,0.0,0.0
417,Wattegama,LK,2022-07-09 19:57:31,6.7989,81.4808,78.94,67,100,5.57,overcast clouds,0.0,0.0
418,Noumea,NC,2022-07-09 19:51:26,-22.2763,166.4572,75.0,99,2,7.23,clear sky,0.0,0.0
419,Zhezkazgan,KZ,2022-07-09 19:57:32,47.8043,67.7144,69.01,52,22,7.65,few clouds,0.0,0.0
420,Aksarka,RU,2022-07-09 19:52:35,66.5606,67.7975,56.19,72,5,8.77,clear sky,0.0,0.0
421,Hasaki,JP,2022-07-09 19:45:10,35.7333,140.8333,75.6,92,100,17.92,overcast clouds,0.0,0.0
422,Antofagasta,CL,2022-07-09 19:52:38,-23.65,-70.4,60.08,78,100,6.33,overcast clouds,0.0,0.0
423,Sioni,GE,2022-07-09 19:57:33,41.9895,45.0239,70.16,52,1,2.37,clear sky,0.0,0.0
424,Sakakah,SA,2022-07-09 19:51:50,29.9697,40.2064,89.17,9,0,10.71,clear sky,0.0,0.0
425,San Quintin,MX,2022-07-09 19:51:22,30.4833,-115.95,75.18,63,15,17.54,few clouds,0.0,0.0
426,Beckley,US,2022-07-09 19:57:34,37.7782,-81.1882,73.31,96,100,0.0,moderate rain,0.65,0.0
427,Krasnaya Polyana,RU,2022-07-09 19:57:34,56.242,51.1442,62.76,91,97,1.45,overcast clouds,0.0,0.0
428,Yinchuan,CN,2022-07-09 19:57:34,38.4681,106.2731,70.02,39,69,10.22,broken clouds,0.0,0.0
429,Lewiston,US,2022-07-09 19:57:35,44.1003,-70.2148,83.32,38,0,3.0,clear sky,0.0,0.0
430,Bedele,ET,2022-07-09 19:57:35,8.456,36.353,55.58,97,98,2.73,overcast clouds,0.0,0.0
431,Tenenkou,ML,2022-07-09 19:57:35,14.4572,-4.9169,95.32,32,71,7.52,light rain,0.46,0.0
432,Champerico,GT,2022-07-09 19:50:22,14.3,-91.9167,93.74,69,10,5.08,clear sky,0.0,0.0
433,Naliya,IN,2022-07-09 19:57:36,23.2667,68.8333,81.63,84,100,16.2,overcast clouds,0.0,0.0
434,Jiayuguan,CN,2022-07-09 19:57:36,39.8167,98.3,72.95,20,0,0.76,clear sky,0.0,0.0
435,Jiwani,PK,2022-07-09 19:57:37,25.05,61.7417,83.48,83,67,7.14,broken clouds,0.0,0.0
436,Izumo,JP,2022-07-09 19:57:37,35.3667,132.7667,78.75,96,56,4.79,broken clouds,0.0,0.0
437,Ostrovnoy,RU,2022-07-09 19:49:59,68.0531,39.5131,45.39,94,88,1.61,overcast clouds,0.0,0.0
438,Aykhal,RU,2022-07-09 19:57:37,66.0,111.5,52.23,77,16,6.73,few clouds,0.0,0.0
439,Moba,CN,2022-07-09 19:57:38,33.2288,105.0179,63.66,96,100,3.36,overcast clouds,0.0,0.0
440,Palmer,US,2022-07-09 19:52:48,42.1584,-72.3287,84.61,29,20,1.99,few clouds,0.0,0.0
441,Kununurra,AU,2022-07-09 19:49:31,-15.7667,128.7333,62.58,42,42,8.05,scattered clouds,0.0,0.0
442,Ransang,PH,2022-07-09 19:57:38,8.9603,117.5828,78.06,91,100,14.29,heavy intensity rain,4.86,0.0
443,Izhmorskiy,RU,2022-07-09 19:57:38,56.194,86.6414,59.45,85,59,3.24,broken clouds,0.0,0.0
444,Pemangkat,ID,2022-07-09 19:52:12,1.1667,108.9667,77.68,84,78,6.17,broken clouds,0.0,0.0
445,Coacoyul,MX,2022-07-09 19:57:39,17.8058,-99.11,83.41,43,2,3.15,clear sky,0.0,0.0
446,Kisangani,CD,2022-07-09 19:57:39,0.5167,25.2,77.58,42,18,1.21,few clouds,0.0,0.0
447,Dakoro,NE,2022-07-09 19:57:39,14.5106,6.765,74.41,70,100,11.39,moderate rain,3.15,0.0
448,Oranjestad,AW,2022-07-09 19:57:40,12.524,-70.027,85.95,74,75,23.02,broken clouds,0.0,0.0
449,Hofn,IS,2022-07-09 19:49:29,64.2539,-15.2082,51.37,89,100,2.68,overcast clouds,0.0,0.0
450,Shihezi,CN,2022-07-09 19:52:56,44.3,86.0333,70.02,53,47,4.74,scattered clouds,0.0,0.0
451,Kasempa,ZM,2022-07-09 19:57:40,-13.4584,25.8338,57.78,51,7,5.1,clear sky,0.0,0.0
452,Iquitos,PE,2022-07-09 19:57:41,-3.7481,-73.2472,77.04,94,75,8.05,shower rain,2.18,0.0
453,Murgud,IN,2022-07-09 19:57:41,16.4,74.2,71.13,93,100,12.48,heavy intensity rain,7.49,0.0
454,Port Blair,IN,2022-07-09 19:51:09,11.6667,92.75,82.44,89,100,6.91,mist,2.0,0.0
455,Barcelos,PT,2022-07-09 19:50:49,41.5388,-8.6151,80.74,52,0,2.95,clear sky,0.0,0.0
456,Gizo,SB,2022-07-09 19:52:42,-8.103,156.8419,80.2,72,54,5.84,broken clouds,0.0,0.0
457,Barabai,ID,2022-07-09 19:57:42,-2.5833,115.3833,73.0,97,95,1.05,overcast clouds,0.0,0.0
458,Lavrentiya,RU,2022-07-09 19:49:33,65.5833,-171.0,50.65,79,100,9.4,overcast clouds,0.0,0.0
459,Bathsheba,BB,2022-07-09 19:49:42,13.2167,-59.5167,86.61,85,40,23.02,scattered clouds,0.0,0.0
460,Beecher,US,2022-07-09 19:57:42,43.09,-83.6944,80.35,36,0,1.99,clear sky,0.0,0.0
461,Marsa Matruh,EG,2022-07-09 19:50:53,31.3525,27.2453,79.0,83,40,9.22,scattered clouds,0.0,0.0
462,Linxia,CN,2022-07-09 19:57:43,35.6003,103.2064,65.35,79,60,3.38,broken clouds,0.0,0.0
463,Huilong,CN,2022-07-09 19:57:43,31.8111,121.655,79.92,92,100,6.85,overcast clouds,0.0,0.0
464,Cayenne,GF,2022-07-09 19:46:26,4.9333,-52.3333,83.08,1,100,4.61,overcast clouds,0.0,0.0
465,Homer,US,2022-07-09 19:57:20,59.6425,-151.5483,58.8,76,90,3.0,overcast clouds,0.0,0.0
466,Ocos,GT,2022-07-09 19:50:32,14.5094,-92.1933,84.6,71,4,4.7,clear sky,0.0,0.0
467,Male,MV,2022-07-09 19:57:43,4.1748,73.5089,82.35,89,75,13.8,broken clouds,0.0,0.0
468,Geraldton,AU,2022-07-09 19:47:02,-28.7667,114.6,64.81,72,100,17.27,overcast clouds,0.0,0.0
469,Tooele,US,2022-07-09 19:57:44,40.5308,-112.2983,98.22,19,0,24.16,clear sky,0.0,0.0
470,Toamasina,MG,2022-07-09 19:57:44,-18.1667,49.3833,66.2,94,40,6.91,scattered clouds,0.0,0.0
471,Baloda,IN,2022-07-09 19:57:45,22.15,82.4833,81.43,78,100,6.89,overcast clouds,0.0,0.0
472,Ati,TD,2022-07-09 19:52:57,13.2154,18.3353,89.33,40,76,8.19,broken clouds,0.0,0.0
473,Berlevag,NO,2022-07-09 19:49:25,70.8578,29.0864,55.4,87,100,5.75,overcast clouds,0.0,0.0
474,Makakilo City,US,2022-07-09 19:51:20,21.3469,-158.0858,80.92,70,20,14.97,few clouds,0.0,0.0
475,Chacabuco,AR,2022-07-09 19:54:37,-34.6417,-60.4739,73.27,58,26,12.88,scattered clouds,0.0,0.0
476,Emmauss,RU,2022-07-09 19:57:45,56.7805,36.115,58.57,92,100,4.9,overcast clouds,0.0,0.0
477,Tarko-Sale,RU,2022-07-09 19:57:46,64.9225,77.785,55.78,80,1,10.71,clear sky,0.0,0.0
478,Beidao,CN,2022-07-09 19:57:46,34.5686,105.8933,75.49,75,100,4.23,overcast clouds,0.0,0.0
479,Kaeo,NZ,2022-07-09 19:50:46,-35.1,173.7833,57.33,96,29,3.85,scattered clouds,0.0,0.0
480,Antanifotsy,MG,2022-07-09 19:57:46,-19.65,47.3167,48.04,85,95,11.25,overcast clouds,0.0,0.0
481,Bani Walid,LY,2022-07-09 19:57:47,31.7566,13.9942,76.08,58,0,11.65,clear sky,0.0,0.0
482,Aykino,RU,2022-07-09 19:57:47,62.2248,49.9922,57.99,71,31,2.19,scattered clouds,0.0,0.0
483,Colares,PT,2022-07-09 19:57:47,38.7992,-9.4469,89.28,25,0,25.32,clear sky,0.0,0.0
484,Sturgis,US,2022-07-09 19:57:48,41.7992,-85.4192,79.07,47,0,6.91,clear sky,0.0,0.0
485,Santa Marta,CO,2022-07-09 19:57:48,11.2408,-74.199,96.85,52,40,9.22,scattered clouds,0.0,0.0
486,Sao Joao Da Barra,BR,2022-07-09 19:52:19,-21.6403,-41.0511,77.09,80,2,13.65,clear sky,0.0,0.0
487,Caravelas,BR,2022-07-09 19:53:12,-17.7125,-39.2481,73.13,72,0,5.26,clear sky,0.0,0.0
488,Banda Aceh,ID,2022-07-09 19:55:03,5.5577,95.3222,81.28,74,100,13.78,overcast clouds,0.0,0.0
489,Cockburn Town,TC,2022-07-09 19:52:01,21.4612,-71.1419,85.96,66,40,17.27,scattered clouds,0.0,0.0
490,Palomares,MX,2022-07-09 19:57:48,17.15,-95.0667,85.91,68,18,9.42,few clouds,0.0,0.0
491,Vila Velha,BR,2022-07-09 19:49:43,-20.3297,-40.2925,71.55,90,75,5.75,broken clouds,0.0,0.0
492,Khani,GE,2022-07-09 19:57:49,41.9563,42.9566,63.97,84,4,4.38,light rain,0.35,0.0
493,Kodinsk,RU,2022-07-09 19:57:49,58.6881,99.1844,54.95,77,68,1.97,broken clouds,0.0,0.0
494,Minbu,MM,2022-07-09 19:57:49,20.1833,94.8833,78.78,84,85,10.4,overcast clouds,0.0,0.0
495,Kumo,NG,2022-07-09 19:57:50,10.0447,11.2122,81.27,61,99,11.5,overcast clouds,0.0,0.0
496,Alofi,NU,2022-07-09 19:48:22,-19.0595,-169.9187,75.09,83,97,14.97,overcast clouds,0.0,0.0
497,Newport,GB,2022-07-09 19:51:33,51.5877,-2.9984,71.71,75,0,4.45,clear sky,0.0,0.0
498,Sisimiut,GL,2022-07-09 19:57:50,66.9395,-53.6735,43.83,82,100,10.51,overcast clouds,0.0,0.0
499,Birao,CF,2022-07-09 19:57:51,10.2849,22.7882,76.59,68,100,3.69,overcast clouds,0.0,0.0
500,Vercheres,CA,2022-07-09 19:57:51,45.7834,-73.3492,77.41,41,3,5.75,clear sky,0.0,0.0
501,Raudeberg,NO,2022-07-09 19:54:22,61.9875,5.1352,50.67,85,97,15.32,overcast clouds,0.0,0.0
502,Vargem Alta,BR,2022-07-09 19:57:51,-20.6714,-41.0069,68.56,72,31,5.75,scattered clouds,0.0,0.0
503,Samarai,PG,2022-07-09 19:50:36,-10.6167,150.6667,80.8,78,83,9.19,broken clouds,0.0,0.0
504,Salina,US,2022-07-09 19:57:13,38.8403,-97.6114,94.01,54,0,4.0,clear sky,0.0,0.0
505,Caraballeda,VE,2022-07-09 19:57:52,10.6112,-66.8522,91.47,58,40,4.61,scattered clouds,0.0,0.0
506,Innisfail,AU,2022-07-09 19:57:52,-17.5333,146.0333,64.56,82,98,6.87,overcast clouds,0.0,0.0
507,Hualmay,PE,2022-07-09 19:49:41,-11.0964,-77.6139,66.78,71,25,11.54,scattered clouds,0.0,0.0
508,Savelugu,GH,2022-07-09 19:57:52,9.6244,-0.8253,77.79,82,99,9.13,moderate rain,1.24,0.0
509,Manaus,BR,2022-07-09 19:56:58,-3.1019,-60.025,86.5,74,40,9.22,scattered clouds,0.0,0.0
510,Coihaique,CL,2022-07-09 19:50:12,-45.5752,-72.0662,36.21,100,100,3.44,mist,0.0,0.0
511,Carpentras,FR,2022-07-09 19:57:53,44.0833,5.1667,79.32,50,0,8.63,clear sky,0.0,0.0
512,Qostanay,KZ,2022-07-09 19:57:53,53.1667,63.5833,62.89,72,0,2.24,clear sky,0.0,0.0
513,Guadalupe Victoria,MX,2022-07-09 19:57:54,32.2869,-115.105,101.52,13,60,5.1,broken clouds,0.0,0.0
514,Bambous Virieux,MU,2022-07-09 19:48:23,-20.3428,57.7575,68.25,64,20,11.5,few clouds,0.0,0.0
515,Guerrero Negro,MX,2022-07-09 19:51:24,27.9769,-114.0611,77.9,57,14,17.6,few clouds,0.0,0.0
516,Luba,GQ,2022-07-09 19:57:54,3.4568,8.5547,75.09,88,100,14.63,light rain,0.44,0.0
517,Chiradzulu,MW,2022-07-09 19:57:54,-15.6746,35.1407,57.94,69,83,1.77,broken clouds,0.0,0.0
518,Bharatpur,IN,2022-07-09 19:57:55,27.2167,77.4833,90.07,55,100,8.97,overcast clouds,0.0,0.0
519,Najran,SA,2022-07-09 19:52:41,17.4924,44.1277,88.45,30,100,11.23,overcast clouds,0.0,0.0
520,Huarmey,PE,2022-07-09 19:54:21,-10.0681,-78.1522,67.89,72,9,11.3,clear sky,0.0,0.0
521,Nha Trang,VN,2022-07-09 19:57:56,12.25,109.1833,78.8,80,100,4.54,overcast clouds,0.0,0.0
522,Bikaner,IN,2022-07-09 19:57:56,28.0167,73.3,90.55,59,99,10.69,moderate rain,1.04,0.0
523,Puerto Escondido,MX,2022-07-09 19:51:19,15.85,-97.0667,87.17,69,6,9.17,clear sky,0.0,0.0
524,Naerbo,NO,2022-07-09 19:57:56,58.6667,5.65,53.6,84,93,23.6,overcast clouds,0.0,0.0
525,Kaoma,ZM,2022-07-09 19:57:56,-14.7833,24.8,56.82,50,0,5.3,clear sky,0.0,0.0
526,Quatre Cocos,MU,2022-07-09 19:50:18,-20.2078,57.7625,68.11,64,58,19.26,broken clouds,0.0,0.0
527,Acapulco,MX,2022-07-09 19:57:57,16.8634,-99.8901,87.33,70,22,11.03,few clouds,0.0,0.0
528,Gao,ML,2022-07-09 19:57:57,16.6362,1.637,96.58,23,20,8.99,few clouds,0.0,0.0
529,Jumla,NP,2022-07-09 19:57:58,29.2747,82.1838,60.55,91,100,2.71,overcast clouds,0.0,0.0
530,Ha Noi,VN,2022-07-09 19:54:12,21.0245,105.8412,78.8,89,8,3.0,clear sky,0.0,0.0
531,Zambezi,ZM,2022-07-09 19:52:00,-13.5432,23.1047,58.26,44,1,4.16,clear sky,0.0,0.0
532,Harper,LR,2022-07-09 19:51:11,4.375,-7.7169,75.65,77,58,9.73,broken clouds,0.0,0.0
533,Salalah,OM,2022-07-09 19:45:03,17.0151,54.0924,77.09,100,100,8.05,drizzle,0.0,0.0
534,Panjab,AF,2022-07-09 19:57:58,34.388,67.0233,60.51,27,0,5.21,clear sky,0.0,0.0
535,Flinders,AU,2022-07-09 19:50:01,-34.5833,150.8552,53.38,90,100,5.01,light rain,0.24,0.0
536,Shima,CN,2022-07-09 19:57:59,24.4478,117.8111,82.42,91,79,2.37,broken clouds,0.0,0.0
537,Rundu,NA,2022-07-09 19:52:36,-17.9333,19.7667,57.43,42,0,4.07,clear sky,0.0,0.0
538,Port-Cartier,CA,2022-07-09 19:49:53,50.0334,-66.8654,67.75,40,97,14.27,overcast clouds,0.0,0.0
539,Araouane,ML,2022-07-09 19:57:59,18.9048,-3.5265,101.25,9,100,4.59,overcast clouds,0.0,0.0
540,Atasu,KZ,2022-07-09 19:50:10,48.6814,71.6433,62.58,70,40,10.58,scattered clouds,0.0,0.0
541,Zlitan,LY,2022-07-09 19:58:00,32.4674,14.5687,78.76,67,0,9.82,clear sky,0.0,0.0
542,Pochutla,MX,2022-07-09 19:49:46,15.7432,-96.4661,92.82,57,12,8.19,few clouds,0.0,0.0
543,Stephenville,US,2022-07-09 19:54:00,32.2207,-98.2023,104.81,25,40,3.44,scattered clouds,0.0,0.0
544,Tayoltita,MX,2022-07-09 19:58:00,24.0833,-105.9333,82.74,62,59,4.7,broken clouds,0.0,0.0
545,Kaspiyskiy,RU,2022-07-09 19:58:00,45.3929,47.3707,77.97,60,6,9.33,clear sky,0.0,0.0
546,Grootfontein,NA,2022-07-09 19:52:31,-19.5667,18.1167,54.97,41,1,3.44,clear sky,0.0,0.0
547,Fukue,JP,2022-07-09 19:50:11,32.6881,128.8419,78.1,86,2,6.85,clear sky,0.0,0.0
548,Mercedes,AR,2022-07-09 19:58:01,-34.6515,-59.4307,71.04,66,98,13.13,overcast clouds,0.0,0.0
549,Sibolga,ID,2022-07-09 19:58:01,1.7427,98.7792,76.17,82,100,2.59,overcast clouds,0.0,0.0
550,Khor,RU,2022-07-09 19:58:02,47.8861,134.9464,65.93,97,100,3.27,overcast clouds,0.0,0.0
551,Bemidji,US,2022-07-09 19:56:43,47.4736,-94.8803,82.06,64,75,10.36,broken clouds,0.0,0.0
552,Solwezi,ZM,2022-07-09 19:58:02,-12.1688,26.3894,56.41,56,14,3.29,few clouds,0.0,0.0
553,Isangel,VU,2022-07-09 19:50:00,-19.55,169.2667,75.43,83,11,9.8,few clouds,0.0,0.0
554,Jesus Carranza,MX,2022-07-09 19:58:03,17.4333,-95.0333,86.22,70,14,7.67,few clouds,0.0,0.0
555,Kroya,ID,2022-07-09 19:58:03,-7.6331,109.2461,73.96,89,40,6.42,scattered clouds,0.0,0.0
556,Sao Joao Do Paraiso,BR,2022-07-09 19:58:03,-15.3136,-42.0144,72.46,53,98,9.33,overcast clouds,0.0,0.0
557,Ponta Delgada,PT,2022-07-09 19:58:04,37.7333,-25.6667,70.5,77,75,10.36,broken clouds,0.0,0.0
558,Den Helder,NL,2022-07-09 19:51:05,52.9599,4.7593,61.02,69,75,11.99,broken clouds,0.0,0.0
559,Bull Savanna,JM,2022-07-09 19:58:04,17.8868,-77.5902,85.21,55,100,18.28,overcast clouds,0.0,0.0
560,Redmond,US,2022-07-09 19:58:05,47.674,-122.1215,77.04,60,99,7.0,overcast clouds,0.0,0.0
561,Vysotsk,RU,2022-07-09 19:58:05,60.6288,28.5705,58.75,89,100,6.13,overcast clouds,0.0,0.0
562,Novo Aripuana,BR,2022-07-09 19:58:05,-5.1206,-60.3797,83.03,69,100,2.51,moderate rain,3.16,0.0
563,Puerto Colombia,CO,2022-07-09 19:58:06,10.9878,-74.9547,87.89,75,88,18.3,overcast clouds,0.0,0.0
564,Lingolsheim,FR,2022-07-09 19:58:06,48.5575,7.6825,73.44,53,0,3.44,clear sky,0.0,0.0
565,Tura,IN,2022-07-09 19:50:15,25.5198,90.2201,75.11,93,41,3.85,scattered clouds,0.0,0.0
566,Gawler,AU,2022-07-09 19:58:06,-34.6,138.7333,41.47,95,0,6.17,clear sky,0.0,0.0
567,Chernyshevskiy,RU,2022-07-09 19:58:07,63.0128,112.4714,49.3,58,81,3.49,broken clouds,0.0,0.0
568,Camocim,BR,2022-07-09 19:53:56,-2.9022,-40.8411,83.08,66,100,12.55,overcast clouds,0.0,0.0
569,Viedma,AR,2022-07-09 19:51:27,-40.8135,-62.9967,57.85,39,64,8.75,broken clouds,0.0,0.0
570,Havre-Saint-Pierre,CA,2022-07-09 19:58:07,50.2334,-63.5986,55.76,82,100,16.11,overcast clouds,0.0,0.0
571,Alice Springs,AU,2022-07-09 19:58:08,-23.7,133.8833,29.75,93,0,0.0,clear sky,0.0,0.0
572,Alexandria,EG,2022-07-09 19:58:08,31.2156,29.9553,78.76,78,40,9.22,scattered clouds,0.0,0.0
573,Cabimas,VE,2022-07-09 19:52:03,10.3883,-71.4399,88.11,60,100,4.23,overcast clouds,0.0,0.0
574,Douglas,US,2022-07-09 19:58:08,41.3,-96.167,86.52,61,40,8.05,scattered clouds,0.0,0.0
575,Rumonge,BI,2022-07-09 19:58:09,-3.9736,29.4386,71.64,60,37,2.28,scattered clouds,0.0,0.0
576,Bodden Town,KY,2022-07-09 19:58:09,19.2833,-81.25,89.6,72,20,11.5,few clouds,0.0,0.0
577,Aklavik,CA,2022-07-09 19:49:37,68.2191,-135.0107,57.2,94,100,11.5,haze,0.0,0.0
578,Fort Nelson,CA,2022-07-09 19:58:10,58.8053,-122.7002,63.99,77,75,16.11,light intensity shower rain,0.0,0.0
579,Andenes,NO,2022-07-09 19:50:55,69.3143,16.1194,53.58,87,82,4.61,broken clouds,0.0,0.0
580,Victor Harbor,AU,2022-07-09 19:52:26,-35.5667,138.6167,42.67,81,2,7.23,clear sky,0.0,0.0
581,Grindavik,IS,2022-07-09 19:47:44,63.8424,-22.4338,57.15,94,100,19.57,overcast clouds,0.0,0.0
582,Whitehorse,CA,2022-07-09 19:58:10,60.7161,-135.0538,66.97,37,40,3.44,scattered clouds,0.0,0.0
583,Bubaque,GW,2022-07-09 19:52:03,11.2833,-15.8333,80.73,83,67,11.86,moderate rain,1.02,0.0
584,Alamosa,US,2022-07-09 19:58:11,37.4695,-105.87,84.33,17,8,4.12,clear sky,0.0,0.0
585,Sonamukhi,IN,2022-07-09 19:58:11,23.3,87.4167,82.24,80,5,9.15,clear sky,0.0,0.0
586,Kiruna,SE,2022-07-09 19:58:12,67.8557,20.2251,56.32,62,100,5.75,overcast clouds,0.0,0.0
587,Lebanon,US,2022-07-09 19:58:12,36.2081,-86.2911,87.8,79,93,1.45,overcast clouds,0.0,0.0
588,Arman,RU,2022-07-09 19:58:12,59.7,150.1667,59.16,90,50,2.93,scattered clouds,0.0,0.0
589,Uchaly,RU,2022-07-09 19:58:13,54.2996,59.4521,59.0,82,10,2.55,clear sky,0.0,0.0
590,Keflavik,IS,2022-07-09 19:58:13,64.0049,-22.5624,57.11,94,100,19.57,overcast clouds,0.0,0.0
591,Taltal,CL,2022-07-09 19:58:13,-25.4,-70.4833,59.86,74,21,2.08,few clouds,0.0,0.0
592,Ceyhan,TR,2022-07-09 19:58:14,37.0247,35.8175,79.14,85,1,4.36,clear sky,0.0,0.0
593,Chistogorskiy,RU,2022-07-09 19:58:14,53.9835,87.3843,57.6,80,11,2.39,few clouds,0.0,0.0
594,Bireun,ID,2022-07-09 19:58:14,5.203,96.7009,79.43,70,100,4.32,overcast clouds,0.0,0.0
595,Ayr,GB,2022-07-09 19:58:15,55.4627,-4.6339,62.98,77,75,9.22,broken clouds,0.0,0.0
596,Port Macquarie,AU,2022-07-09 19:49:33,-31.4333,152.9167,47.44,76,2,8.03,clear sky,0.0,0.0
597,Matamoros,MX,2022-07-09 19:55:22,25.5333,-103.25,95.31,25,10,8.9,clear sky,0.0,0.0
598,Atambua,ID,2022-07-09 19:58:15,-9.1061,124.8925,69.58,86,100,6.17,overcast clouds,0.0,0.0
599,Tahe,CN,2022-07-09 19:52:00,52.3333,124.7333,54.25,98,1,1.86,clear sky,0.0,0.0
600,Grand-Lahou,CI,2022-07-09 19:58:15,5.1367,-5.0242,76.95,81,100,9.35,overcast clouds,0.0,0.0
601,Saravan,AM,2022-07-09 19:58:16,39.7196,45.6483,59.36,62,3,7.94,clear sky,0.0,0.0
602,Cabedelo,BR,2022-07-09 19:52:59,-6.9811,-34.8339,79.47,81,15,13.06,few clouds,0.0,0.0
603,Kieta,PG,2022-07-09 19:52:55,-6.2167,155.6333,76.8,82,70,6.58,broken clouds,0.0,0.0
604,Santa Cruz,BO,2022-07-09 19:51:22,-17.8,-63.1667,87.85,48,75,21.85,broken clouds,0.0,0.0
605,Kasongo-Lunda,CD,2022-07-09 19:58:17,-6.4667,16.8167,73.49,33,14,1.7,few clouds,0.0,0.0
606,Trelew,AR,2022-07-09 19:50:28,-43.249,-65.3051,58.57,27,100,11.61,overcast clouds,0.0,0.0
607,Yarada,IN,2022-07-09 19:58:17,17.65,83.2667,80.92,83,75,11.5,broken clouds,0.0,0.0
608,Zaltan,LY,2022-07-09 19:58:17,32.947,11.8665,77.38,64,0,8.55,clear sky,0.0,0.0
609,Kargat,RU,2022-07-09 19:58:18,55.1956,80.2811,62.6,77,70,7.05,broken clouds,0.0,0.0
610,Mtwara,TZ,2022-07-09 19:58:18,-10.2667,40.1833,70.93,73,20,13.8,few clouds,0.0,0.0
611,Agadez,NE,2022-07-09 19:56:11,19.75,10.25,93.38,9,0,8.3,clear sky,0.0,0.0
612,George Town,MY,2022-07-09 19:54:08,5.4112,100.3354,84.13,83,20,0.0,moderate rain,1.42,0.0
613,Gasa,PS,2022-07-09 19:58:19,31.5,34.4667,78.12,70,1,4.94,clear sky,0.0,0.0
614,Alpena,US,2022-07-09 19:58:19,45.0617,-83.4327,70.11,57,14,3.0,few clouds,0.0,0.0
615,Porto Walter,BR,2022-07-09 19:58:19,-8.2686,-72.7439,83.48,61,97,3.6,overcast clouds,0.0,0.0
616,Loei,TH,2022-07-09 19:58:20,17.4167,101.5,65.34,97,100,2.62,overcast clouds,0.0,0.0
617,Redcliffe,AU,2022-07-09 19:58:20,-27.2307,153.0973,50.14,45,0,8.05,clear sky,0.0,0.0
618,Westport,US,2022-07-09 19:58:20,41.1415,-73.3579,87.75,51,1,5.99,clear sky,0.0,0.0
619,Port Augusta,AU,2022-07-09 19:58:21,-32.5,137.7667,39.52,80,0,3.83,clear sky,0.0,0.0
620,Karaton,ID,2022-07-09 19:58:21,-6.3424,106.1045,72.54,86,49,1.39,scattered clouds,0.0,0.0
621,Adre,TD,2022-07-09 19:51:56,13.4667,22.2,84.45,33,27,8.79,scattered clouds,0.0,0.0
622,Petauke,ZM,2022-07-09 19:58:22,-14.2426,31.3253,63.34,58,99,6.4,overcast clouds,0.0,0.0
623,Maniitsoq,GL,2022-07-09 19:52:35,65.4167,-52.9,41.49,89,100,10.8,overcast clouds,0.0,0.0
624,Bilara,IN,2022-07-09 19:58:22,26.1792,73.7056,82.36,76,73,10.56,light rain,0.11,0.0
625,Ossora,RU,2022-07-09 19:58:22,59.2353,163.0719,58.87,87,11,5.39,few clouds,0.0,0.0
626,Bambanglipuro,ID,2022-07-09 19:58:23,-7.95,110.2833,74.1,86,13,8.34,few clouds,0.0,0.0
627,Katerero,TZ,2022-07-09 19:58:23,-1.4,31.7333,67.71,83,0,0.0,clear sky,0.0,0.0
628,Hovd,MN,2022-07-09 19:58:24,48.0056,91.6419,61.54,49,86,3.47,overcast clouds,0.0,0.0
629,Necochea,AR,2022-07-09 19:58:24,-38.5473,-58.7368,54.39,85,87,11.45,overcast clouds,0.0,0.0
630,Mitsamiouli,KM,2022-07-09 19:50:33,-11.3847,43.2844,75.78,72,6,11.54,clear sky,0.0,0.0
631,Tazovskiy,RU,2022-07-09 19:50:50,67.4667,78.7,43.54,95,5,8.5,clear sky,0.0,0.0
632,Erenhot,CN,2022-07-09 19:54:54,43.6475,111.9767,73.78,27,48,6.67,scattered clouds,0.0,0.0
633,Soligalich,RU,2022-07-09 19:58:24,59.0778,42.2864,63.05,69,77,4.68,broken clouds,0.0,0.0
634,Yakeshi,CN,2022-07-09 19:58:25,49.2833,120.7333,50.52,93,54,6.33,broken clouds,0.0,0.0
635,Wolfsberg,AT,2022-07-09 19:58:25,46.8406,14.8442,69.31,70,82,2.98,broken clouds,0.0,0.0
636,Quixeramobim,BR,2022-07-09 19:58:25,-5.1992,-39.2928,83.64,46,45,5.23,scattered clouds,0.0,0.0
637,Carman,CA,2022-07-09 19:58:26,49.4992,-98.0016,83.32,70,34,15.12,scattered clouds,0.0,0.0
638,Comodoro Rivadavia,AR,2022-07-09 19:50:05,-45.8667,-67.5,51.66,62,0,3.44,clear sky,0.0,0.0
639,Sao Francisco,BR,2022-07-09 19:58:26,-15.9486,-44.8644,83.53,22,3,6.22,clear sky,0.0,0.0
640,Svetlogorsk,BY,2022-07-09 19:58:27,52.6333,29.7333,60.17,87,92,5.28,overcast clouds,0.0,0.0
641,Saint-Pierre,RE,2022-07-09 19:58:27,-21.3393,55.4781,68.92,68,0,19.57,clear sky,0.0,0.0
642,Umm Lajj,SA,2022-07-09 19:58:27,25.0213,37.2685,84.45,65,96,5.12,overcast clouds,0.0,0.0
643,Dingle,PH,2022-07-09 19:58:28,10.9995,122.6711,76.23,92,98,7.78,overcast clouds,0.0,0.0
644,Nacala,MZ,2022-07-09 19:58:28,-14.5428,40.6728,67.86,85,4,5.59,clear sky,0.0,0.0
645,Aksha,RU,2022-07-09 19:58:28,50.2814,113.2867,51.71,73,5,6.44,clear sky,0.0,0.0
646,Healesville,AU,2022-07-09 19:58:29,-37.65,145.5167,45.0,98,21,2.42,few clouds,0.0,0.0
647,Buala,SB,2022-07-09 19:51:06,-8.145,159.5921,78.71,80,32,4.83,scattered clouds,0.0,0.0
648,Pavlodar,KZ,2022-07-09 19:58:29,52.3,76.95,64.2,77,0,6.71,clear sky,0.0,0.0
649,Pacific Grove,US,2022-07-09 19:55:00,36.6177,-121.9166,79.21,82,19,8.01,few clouds,0.0,0.0
650,Khilok,RU,2022-07-09 19:58:30,51.3674,110.4676,49.71,76,36,4.97,scattered clouds,0.0,0.0
651,Asau,RO,2022-07-09 19:51:40,46.4333,26.4,67.12,73,19,5.32,few clouds,0.0,0.0
652,Vyshneve,UA,2022-07-09 19:58:30,50.3891,30.3705,64.17,81,59,5.12,broken clouds,0.0,0.0
653,Kinablangan,PH,2022-07-09 19:58:30,7.6947,126.5503,76.68,86,98,4.21,overcast clouds,0.0,0.0
654,West Odessa,US,2022-07-09 19:54:59,31.8424,-102.4988,100.4,30,76,2.68,broken clouds,0.0,0.0
655,Alto Araguaia,BR,2022-07-09 19:58:31,-17.3147,-53.2153,86.36,26,9,6.46,clear sky,0.0,0.0
656,Omsukchan,RU,2022-07-09 19:58:31,62.5333,155.8,55.74,70,63,3.76,broken clouds,0.0,0.0
657,Bang Saphan,TH,2022-07-09 19:58:32,11.2126,99.5117,77.25,88,100,7.18,overcast clouds,0.0,0.0
658,Tecolutla,MX,2022-07-09 19:58:32,20.4833,-97.0167,86.94,61,100,11.65,overcast clouds,0.0,0.0
659,Punta De Piedra,VE,2022-07-09 19:58:32,7.6176,-71.4916,85.24,64,86,3.87,overcast clouds,0.0,0.0
660,Sorong,ID,2022-07-09 19:58:33,-0.8833,131.25,77.41,87,92,4.47,light rain,0.27,0.0
661,Vila,PT,2022-07-09 19:58:33,42.0304,-8.1588,74.28,50,0,1.32,clear sky,0.0,0.0
662,Deputatskiy,RU,2022-07-09 19:58:33,69.3,139.9,44.01,77,0,4.52,clear sky,0.0,0.0
663,Rabo De Peixe,PT,2022-07-09 19:58:34,37.8,-25.5833,69.28,79,75,10.36,broken clouds,0.0,0.0
664,Ostersund,SE,2022-07-09 19:58:35,63.1792,14.6357,50.61,100,75,8.05,drizzle,0.0,0.0
665,Soja,JP,2022-07-09 19:58:36,34.6667,133.75,75.69,97,20,2.39,few clouds,0.0,0.0
666,Rio Claro,BR,2022-07-09 19:58:36,-22.4114,-47.5614,74.79,38,8,4.03,clear sky,0.0,0.0
667,Brae,GB,2022-07-09 19:58:37,60.3964,-1.353,51.01,94,100,3.13,light rain,0.66,0.0
668,Nova Olinda Do Norte,BR,2022-07-09 19:58:37,-3.8881,-59.0942,80.8,79,96,1.32,overcast clouds,0.0,0.0
669,Totness,SR,2022-07-09 19:58:38,5.8833,-56.3167,80.62,86,69,6.98,heavy intensity rain,5.62,0.0
670,Wajima,JP,2022-07-09 19:49:51,37.4,136.9,74.79,89,87,2.24,light rain,0.12,0.0
671,Turkistan,KZ,2022-07-09 19:58:39,43.0,68.0,75.16,34,0,6.89,clear sky,0.0,0.0
672,Zhangye,CN,2022-07-09 19:58:39,38.9342,100.4517,74.01,40,0,6.11,clear sky,0.0,0.0
673,Ambunti,PG,2022-07-09 19:58:39,-4.2365,142.8448,73.63,99,99,1.14,overcast clouds,0.0,0.0
674,Letka,RU,2022-07-09 19:58:39,59.6011,49.4232,61.48,75,58,4.21,broken clouds,0.0,0.0
675,Enshi,CN,2022-07-09 19:58:40,30.3,109.4833,75.58,93,7,1.52,clear sky,0.0,0.0
676,Maracaju,BR,2022-07-09 19:58:40,-21.6144,-55.1683,88.14,27,1,10.29,clear sky,0.0,0.0
677,Shingu,JP,2022-07-09 19:49:52,33.7333,135.9833,75.22,93,90,1.81,overcast clouds,0.0,0.0
678,Tateyama,JP,2022-07-09 19:58:40,34.9833,139.8667,77.09,93,100,11.86,light rain,0.28,0.0
679,Tutoia,BR,2022-07-09 19:54:15,-2.7619,-42.2744,79.74,82,100,5.57,overcast clouds,0.0,0.0
680,Mosetse,BW,2022-07-09 19:58:41,-20.75,26.65,57.74,41,0,11.54,clear sky,0.0,0.0
681,Dukat,RU,2022-07-09 19:58:41,62.55,155.55,54.16,72,73,1.9,broken clouds,0.0,0.0
682,Rangpur,BD,2022-07-09 19:58:42,25.75,89.25,83.62,76,26,4.9,scattered clouds,0.0,0.0
683,Manuk Mangkaw,PH,2022-07-09 19:58:42,4.8,119.85,81.88,73,100,9.95,overcast clouds,0.0,0.0
684,Kuryk,KZ,2022-07-09 19:58:42,43.2,51.65,83.44,29,69,5.93,broken clouds,0.0,0.0
